<?xml version="1.0" encoding="utf-8" standalone="yes" ?>
<rss version="2.0" xmlns:atom="http://www.w3.org/2005/Atom" xmlns:content="http://purl.org/rss/1.0/modules/content/">
  <channel>
    <title>Posts on Roketpik Blog</title>
    <link>/blog/posts/</link>
    <description>Recent content in Posts on Roketpik Blog</description>
    <generator>Hugo -- gohugo.io</generator>
    <language>en-us</language>
    <copyright>©2020 Artur Shamsutdinov.</copyright>
    <lastBuildDate>Thu, 21 May 2020 23:08:48 +0500</lastBuildDate>
    
        <atom:link href="/blog/posts/index.xml" rel="self" type="application/rss+xml" />
    
    
    <item>
      <title>Behind the Glass</title>
      <link>/blog/posts/behind-the-glass/</link>
      <pubDate>Thu, 21 May 2020 23:08:48 +0500</pubDate>
      
      <guid>/blog/posts/behind-the-glass/</guid>
      <description></description>
      
    </item>
    
    <item>
      <title>Flowers of May</title>
      <link>/blog/posts/flowers-of-may/</link>
      <pubDate>Sun, 10 May 2020 22:26:02 +0500</pubDate>
      
      <guid>/blog/posts/flowers-of-may/</guid>
      <description></description>
      
    </item>
    
    <item>
      <title>Lockdown City Photo</title>
      <link>/blog/posts/lockdown-photo/</link>
      <pubDate>Fri, 08 May 2020 18:08:01 +0500</pubDate>
      
      <guid>/blog/posts/lockdown-photo/</guid>
      <description></description>
      
    </item>
    
    <item>
      <title>Welcome Post</title>
      <link>/blog/posts/welcome-post/</link>
      <pubDate>Thu, 07 May 2020 18:59:19 +0500</pubDate>
      
      <guid>/blog/posts/welcome-post/</guid>
      <description>New image for Pixabay Photostock!
Download HD at Pixabay</description>
      
    </item>
    
  </channel>
</rss>
