<?xml version="1.0" encoding="utf-8" standalone="yes" ?>
<rss version="2.0" xmlns:atom="http://www.w3.org/2005/Atom" xmlns:content="http://purl.org/rss/1.0/modules/content/">
  <channel>
    <title>Roketpik Blog</title>
    <link>/blog/</link>
    <description>Recent content on Roketpik Blog</description>
    <generator>Hugo -- gohugo.io</generator>
    <language>en-us</language>
    <copyright>©2020 Artur Shamsutdinov.</copyright>
    <lastBuildDate>Thu, 21 May 2020 23:08:48 +0500</lastBuildDate>
    
        <atom:link href="/blog/index.xml" rel="self" type="application/rss+xml" />
    
    
    <item>
      <title>Posts</title>
      <link>/blog/posts/</link>
      <pubDate>Thu, 21 May 2020 23:08:48 +0500</pubDate>
      
      <guid>/blog/posts/</guid>
      <description></description>
      
    </item>
    
  </channel>
</rss>
