<?xml version="1.0" encoding="utf-8" standalone="yes" ?>
<rss version="2.0" xmlns:atom="http://www.w3.org/2005/Atom" xmlns:content="http://purl.org/rss/1.0/modules/content/">
  <channel>
    <title>Categories on Roketpik Blog</title>
    <link>/blog/categories/</link>
    <description>Recent content in Categories on Roketpik Blog</description>
    <generator>Hugo -- gohugo.io</generator>
    <language>en-us</language>
    <copyright>©2020 Artur Shamsutdinov.</copyright>
    
        <atom:link href="/blog/categories/index.xml" rel="self" type="application/rss+xml" />
    
    
  </channel>
</rss>
